project, sha, language, file_name, is_test,isExceptionPatch, method_name,total_add,total_del,while Adds,catch Dels,try Adds,try Dels,exception Dels,raise Adds,catch Adds,finally Dels,finally Adds,throw  Adds,for Dels,throw  Dels,for Adds,while Dels,exception Adds,raise Dels
'otto','750bac1fb7cc0352f749ce2eec3d66901037fcd2','java','library/src/main/java/com/squareup/otto/Bus.java','False','False','register','3','0','1','0','1','0','0','0','0','0','0','0','0','0','0','0','0','0'
'otto','750bac1fb7cc0352f749ce2eec3d66901037fcd2','java','library/src/main/java/com/squareup/otto/Bus.java','False','False','unregister','3','0','1','0','1','0','0','0','0','0','0','0','0','0','0','0','0','0'
'otto','750bac1fb7cc0352f749ce2eec3d66901037fcd2','java','library/src/main/java/com/squareup/otto/Bus.java','False','False','post','3','0','1','0','1','0','0','0','0','0','0','0','0','0','0','0','0','0'
'otto','bbe34b16dbdadd4b229eb21e04ba3d7d908bc4e5','java','library/src/test/java/com/squareup/otto/BusTest.java','True','False','setUp','1','1','0','0','0','0','0','0','0','0','0','0','0','0','0','0','0','0'
'otto','bbe34b16dbdadd4b229eb21e04ba3d7d908bc4e5','java','library/src/test/java/com/squareup/otto/EventBusInnerClassStressTest.java','True','False','eventBusOkayWithNonStaticInnerClass','1','1','0','0','0','0','0','0','0','0','0','0','0','0','0','0','0','0'
'otto','bbe34b16dbdadd4b229eb21e04ba3d7d908bc4e5','java','library/src/test/java/com/squareup/otto/EventBusInnerClassStressTest.java','True','False','eventBusFailWithAnonInnerClass','1','1','0','0','0','0','0','0','0','0','0','0','0','0','0','0','0','0'
'otto','bbe34b16dbdadd4b229eb21e04ba3d7d908bc4e5','java','library/src/test/java/com/squareup/otto/EventBusInnerClassStressTest.java','True','False','eventBusNpeWithAnonInnerClassWaitingForObject','1','1','0','0','0','0','0','0','0','0','0','0','0','0','0','0','0','0'
'otto','bbe34b16dbdadd4b229eb21e04ba3d7d908bc4e5','java','library/src/test/java/com/squareup/otto/UnregisteringHandlerTest.java','True','False','setUp','1','1','0','0','0','0','0','0','0','0','0','0','0','0','0','0','0','0'
'otto','bbe34b16dbdadd4b229eb21e04ba3d7d908bc4e5','java','library/src/test/java/com/squareup/otto/outside/AnnotatedHandlerFinderTest.java','True','False','setUp','1','1','0','0','0','0','0','0','0','0','0','0','0','0','0','0','0','0'
'otto','bbe34b16dbdadd4b229eb21e04ba3d7d908bc4e5','java','library/src/test/java/com/squareup/otto/outside/AnnotatedHandlerFinderTest.java','True','False','subscribingToInterfacesFails','1','1','0','0','0','0','1','1','0','0','0','0','0','0','0','0','0','0'
'otto','bbe34b16dbdadd4b229eb21e04ba3d7d908bc4e5','java','library/src/test/java/com/squareup/otto/outside/AnnotatedProducerFinderTest.java','True','False','simpleProducer','1','1','0','0','0','0','0','0','0','0','0','0','0','0','0','0','0','0'
'otto','bbe34b16dbdadd4b229eb21e04ba3d7d908bc4e5','java','library/src/test/java/com/squareup/otto/outside/AnnotatedProducerFinderTest.java','True','False','multipleSubscriptionsCallsProviderEachTime','1','1','0','0','0','0','0','0','0','0','0','0','0','0','0','0','0','0'
'otto','e29ffc5741c9da4b6471b4aa5e602b0648dd119d','java','library/src/main/java/com/squareup/otto/Bus.java','False','False','register','2','2','0','0','0','0','0','0','0','0','0','0','0','0','0','0','2','2'
'otto','39c92c156257d70b255beac02a22b5c70ab4cdd1','java','library/src/main/java/com/squareup/otto/Bus.java','False','False','register','3','1','1','1','1','1','0','0','0','0','0','0','0','0','0','0','3','1'
'otto','5dc3f1a8464e870b1a95304a72afa806cfb72f82','java','library/src/main/java/com/squareup/otto/AnnotatedHandlerFinder.java','False','False','NO_FUNC_CONTEXT','0','0','1','0','1','0'
'otto','f7b7231d66d7fa63804e7a31f833e786a94f24d2','java','library/src/main/java/com/squareup/otto/Bus.java','False','False','register','5','6','0','0','0','0','0','0','0','0','0','0','0','0','0','0','9','7'
'otto','f7b7231d66d7fa63804e7a31f833e786a94f24d2','java','library/src/main/java/com/squareup/otto/Bus.java','False','False','dispatchProducerResultToHandler','1','7','0','1','0','2','0','3','0','5','0','0','0','0','0','0','0','0'
'otto','f7b7231d66d7fa63804e7a31f833e786a94f24d2','java','library/src/main/java/com/squareup/otto/Bus.java','False','False','unregister','9','2','0','0','0','0','0','0','0','0','0','0','0','0','0','0','17','2'
'otto','f7b7231d66d7fa63804e7a31f833e786a94f24d2','java','library/src/main/java/com/squareup/otto/Bus.java','False','False','dispatchQueuedEvents','2','0','0','0','0','0','3','0','0','0','0','0','0','0','2','0','0','0'
'otto','f7b7231d66d7fa63804e7a31f833e786a94f24d2','java','library/src/main/java/com/squareup/otto/EventHandler.java','False','False','isValid','3','0','0','0','0','0','0','0','0','0','0','0','0','0','0','0','0','0'
'otto','f7b7231d66d7fa63804e7a31f833e786a94f24d2','java','library/src/main/java/com/squareup/otto/EventHandler.java','False','False','invalidate','3','0','0','0','0','0','0','0','0','0','0','0','0','0','0','0','0','0'
'otto','f7b7231d66d7fa63804e7a31f833e786a94f24d2','java','library/src/main/java/com/squareup/otto/EventHandler.java','False','False','handleEvent','3','0','1','0','1','0','0','0','0','0','0','0','0','0','0','0','0','0'
'otto','f7b7231d66d7fa63804e7a31f833e786a94f24d2','java','library/src/main/java/com/squareup/otto/EventProducer.java','False','False','isValid','3','0','0','0','0','0','0','0','0','0','0','0','0','0','0','0','0','0'
'otto','f7b7231d66d7fa63804e7a31f833e786a94f24d2','java','library/src/main/java/com/squareup/otto/EventProducer.java','False','False','invalidate','3','0','0','0','0','0','0','0','0','0','0','0','0','0','0','0','0','0'
'otto','f7b7231d66d7fa63804e7a31f833e786a94f24d2','java','library/src/main/java/com/squareup/otto/EventProducer.java','False','False','produceEvent','3','0','1','0','1','0','0','0','0','0','0','0','0','0','0','0','0','0'
'otto','f7b7231d66d7fa63804e7a31f833e786a94f24d2','java','library/src/test/java/com/squareup/otto/UnregisteringHandlerTest.java','True','False','unregisterInHandler','1','4','0','0','0','0','0','0','0','0','0','0','0','0','0','0','0','0'
'otto','f7b7231d66d7fa63804e7a31f833e786a94f24d2','java','library/src/test/java/com/squareup/otto/UnregisteringHandlerTest.java','True','False','unregisterProducerInHandler','21','0','0','0','1','0','0','0','0','0','0','0','0','0','0','0','0','0'
'otto','4f8c074d4a8bb146af5779fe7ca9841a6d01c8bd','java','library/src/test/java/com/squareup/otto/BusTest.java','True','False','setUp','1','1','0','0','0','0','0','0','0','0','0','0','0','0','0','0','0','0'
'otto','4f8c074d4a8bb146af5779fe7ca9841a6d01c8bd','java','library/src/test/java/com/squareup/otto/EventBusInnerClassStressTest.java','True','False','eventBusOkayWithNonStaticInnerClass','1','1','0','0','0','0','0','0','0','0','0','0','0','0','0','0','0','0'
'otto','4f8c074d4a8bb146af5779fe7ca9841a6d01c8bd','java','library/src/test/java/com/squareup/otto/EventBusInnerClassStressTest.java','True','False','eventBusFailWithAnonInnerClass','1','1','0','0','0','0','0','0','0','0','0','0','0','0','0','0','0','0'
'otto','4f8c074d4a8bb146af5779fe7ca9841a6d01c8bd','java','library/src/test/java/com/squareup/otto/EventBusInnerClassStressTest.java','True','False','eventBusNpeWithAnonInnerClassWaitingForObject','1','1','0','0','0','0','0','0','0','0','0','0','0','0','0','0','0','0'
'otto','4f8c074d4a8bb146af5779fe7ca9841a6d01c8bd','java','library/src/test/java/com/squareup/otto/UnregisteringHandlerTest.java','True','False','setUp','1','1','0','0','0','0','0','0','0','0','0','0','0','0','0','0','0','0'
'otto','4f8c074d4a8bb146af5779fe7ca9841a6d01c8bd','java','library/src/test/java/com/squareup/otto/outside/AnnotatedHandlerFinderTest.java','True','False','setUp','1','1','0','0','0','0','0','0','0','0','0','0','0','0','0','0','0','0'
'otto','4f8c074d4a8bb146af5779fe7ca9841a6d01c8bd','java','library/src/test/java/com/squareup/otto/outside/AnnotatedHandlerFinderTest.java','True','False','subscribingToInterfacesFails','1','1','0','0','0','0','1','1','0','0','0','0','0','0','0','0','0','0'
'otto','4f8c074d4a8bb146af5779fe7ca9841a6d01c8bd','java','library/src/test/java/com/squareup/otto/outside/AnnotatedProducerFinderTest.java','True','False','simpleProducer','1','1','0','0','0','0','0','0','0','0','0','0','0','0','0','0','0','0'
'otto','4f8c074d4a8bb146af5779fe7ca9841a6d01c8bd','java','library/src/test/java/com/squareup/otto/outside/AnnotatedProducerFinderTest.java','True','False','multipleSubscriptionsCallsProviderEachTime','1','1','0','0','0','0','0','0','0','0','0','0','0','0','0','0','0','0'
'otto','cd0453b86adcee667cb36cb6e831db940e85fcf5','java','library/src/main/java/com/squareup/otto/AnnotatedHandlerFinder.java','False','False','NO_FUNC_CONTEXT','0','0','2','0','2','0'
'otto','7b9543a1beb39a8cb326f0eb378cff8e2823d109','java','library/src/main/java/com/squareup/otto/Bus.java','False','False','dispatchProducerResultToHandler','1','1','0','1','0','1','1','1','0','0','0','0','0','0','0','0','0','0'
'otto','234bebf3f8cea4dc45e605c464d8a56e56a112d2','java','library/src/main/java/com/squareup/otto/Bus.java','False','False','Bus','0','1','0','0','0','0','0','0','0','0','0','0','0','0','0','0','0','0'
'otto','234bebf3f8cea4dc45e605c464d8a56e56a112d2','java','library/src/main/java/com/squareup/otto/Bus.java','False','False','dispatchProducerResultToHandler','5','3','1','0','1','0','1','1','3','2','0','0','0','0','0','0','0','0'
'otto','234bebf3f8cea4dc45e605c464d8a56e56a112d2','java','library/src/main/java/com/squareup/otto/Bus.java','False','False','dispatch','2','2','1','0','1','0','0','0','2','2','0','0','0','0','0','0','0','0'
'otto','3e8da93312a91b3e95c147d921d5f75bf3791f97','java','library/src/main/java/com/squareup/otto/Bus.java','False','False','dispatchProducerResultToHandler','5','1','1','0','1','0','6','1','0','0','0','0','0','0','0','0','0','0'
'otto','1b66cef78f522eb1c3f39903b2ffd90c65cdca7b','java','library/src/main/java/com/squareup/otto/Bus.java','False','False','dispatchQueuedEvents','2','3','0','0','0','0','0','0','0','0','0','0','0','0','0','0','0','0'
'otto','1b66cef78f522eb1c3f39903b2ffd90c65cdca7b','java','library/src/main/java/com/squareup/otto/DeadEvent.java','False','False','getSource','0','3','0','0','0','0','0','0','0','0','0','0','0','0','0','0','0','0'
'otto','1b66cef78f522eb1c3f39903b2ffd90c65cdca7b','java','library/src/main/java/com/squareup/otto/DeadEvent.java','False','False','getEvent','0','3','0','0','0','0','0','0','0','0','0','0','0','0','0','0','0','0'
'otto','34906d940770943ade94f8f95742c0bd20c995fe','java','library/src/test/java/com/squareup/otto/BusTest.java','True','False','setUp','1','2','0','0','1','1','0','0','0','0','0','0','0','0','0','0','0','0'
'otto','34906d940770943ade94f8f95742c0bd20c995fe','java','library/src/test/java/com/squareup/otto/BusTest.java','True','False','testBasicCatcherDistribution','1','1','0','0','0','0','0','0','0','0','0','0','0','0','0','0','0','0'
'otto','34906d940770943ade94f8f95742c0bd20c995fe','java','library/src/test/java/com/squareup/otto/BusTest.java','True','False','testPolymorphicDistribution','1','1','0','0','0','0','0','0','0','0','0','0','0','0','0','0','0','0'
'otto','34906d940770943ade94f8f95742c0bd20c995fe','java','library/src/test/java/com/squareup/otto/BusTest.java','True','False','testDeadEventForwarding','1','1','0','0','0','0','0','0','0','0','0','0','0','0','0','0','0','0'
'otto','34906d940770943ade94f8f95742c0bd20c995fe','java','library/src/test/java/com/squareup/otto/BusTest.java','True','False','testDeadEventPosting','1','1','0','0','0','0','0','0','0','0','0','0','0','0','0','0','0','0'
'otto','34906d940770943ade94f8f95742c0bd20c995fe','java','library/src/test/java/com/squareup/otto/BusTest.java','True','False','testProducerCalledForExistingSubscribers','1','1','0','0','0','0','0','0','0','0','0','0','0','0','0','0','0','0'
'otto','34906d940770943ade94f8f95742c0bd20c995fe','java','library/src/test/java/com/squareup/otto/BusTest.java','True','False','testProducerUnregisterAllowsReregistering','1','1','0','0','0','0','0','0','0','0','0','0','0','0','0','0','0','0'
'otto','34906d940770943ade94f8f95742c0bd20c995fe','java','library/src/test/java/com/squareup/otto/BusTest.java','True','False','testFlattenHierarchy','1','1','0','0','0','0','0','0','0','0','0','0','0','0','0','0','0','0'
'otto','34906d940770943ade94f8f95742c0bd20c995fe','java','library/src/test/java/com/squareup/otto/BusTest.java','True','False','testMissingSubscribe','1','1','0','0','0','0','0','0','0','0','0','0','0','0','0','0','0','0'
'otto','34906d940770943ade94f8f95742c0bd20c995fe','java','library/src/test/java/com/squareup/otto/BusTest.java','True','False','testUnregister','1','1','0','0','0','0','0','0','0','0','0','0','0','0','0','0','0','0'
'otto','34906d940770943ade94f8f95742c0bd20c995fe','java','library/src/test/java/com/squareup/otto/EventBusInnerClassStressTest.java','True','False','testEventBusOkayWithNonStaticInnerClass','1','1','0','0','0','0','0','0','0','0','0','0','0','0','0','0','0','0'
'otto','34906d940770943ade94f8f95742c0bd20c995fe','java','library/src/test/java/com/squareup/otto/EventBusInnerClassStressTest.java','True','False','testEventBusFailWithAnonInnerClass','1','1','0','0','0','0','0','0','0','0','0','0','0','0','0','0','0','0'
'otto','34906d940770943ade94f8f95742c0bd20c995fe','java','library/src/test/java/com/squareup/otto/EventBusInnerClassStressTest.java','True','False','testEventBusNpeWithAnonInnerClassWaitingForObject','1','1','0','0','0','0','0','0','0','0','0','0','0','0','0','0','0','0'
'otto','34906d940770943ade94f8f95742c0bd20c995fe','java','library/src/test/java/com/squareup/otto/EventHandlerTest.java','True','False','setUp','1','3','0','0','1','1','0','0','0','0','0','0','0','0','0','0','0','0'
'otto','34906d940770943ade94f8f95742c0bd20c995fe','java','library/src/test/java/com/squareup/otto/EventHandlerTest.java','True','False','testBasicMethodCall','1','1','0','0','1','1','0','0','0','0','0','0','0','0','0','0','0','0'
'otto','34906d940770943ade94f8f95742c0bd20c995fe','java','library/src/test/java/com/squareup/otto/EventHandlerTest.java','True','False','testRejectionOfNullMethods','1','1','0','0','0','0','0','0','0','0','0','0','0','0','0','0','0','0'
'otto','34906d940770943ade94f8f95742c0bd20c995fe','java','library/src/test/java/com/squareup/otto/EventHandlerTest.java','True','False','testRejectionOfNullTargets','1','1','0','0','1','1','0','0','0','0','0','0','0','0','0','0','0','0'
'otto','34906d940770943ade94f8f95742c0bd20c995fe','java','library/src/test/java/com/squareup/otto/EventHandlerTest.java','True','False','testExceptionWrapping','1','1','0','0','1','1','0','0','0','0','0','0','0','0','0','0','0','0'
'otto','34906d940770943ade94f8f95742c0bd20c995fe','java','library/src/test/java/com/squareup/otto/EventHandlerTest.java','True','False','testErrorPassthrough','1','1','0','0','1','1','0','0','0','0','0','0','0','0','0','0','0','0'
'otto','34906d940770943ade94f8f95742c0bd20c995fe','java','library/src/test/java/com/squareup/otto/EventProducerTest.java','True','False','setUp','1','3','0','0','1','1','0','0','0','0','0','0','0','0','0','0','0','0'
'otto','34906d940770943ade94f8f95742c0bd20c995fe','java','library/src/test/java/com/squareup/otto/EventProducerTest.java','True','False','testBasicMethodCall','1','1','0','0','1','1','0','0','0','0','0','0','0','0','0','0','0','0'
'otto','34906d940770943ade94f8f95742c0bd20c995fe','java','library/src/test/java/com/squareup/otto/EventProducerTest.java','True','False','testRejectionOfNullMethods','1','1','0','0','0','0','0','0','0','0','0','0','0','0','0','0','0','0'
'otto','34906d940770943ade94f8f95742c0bd20c995fe','java','library/src/test/java/com/squareup/otto/EventProducerTest.java','True','False','testRejectionOfNullTargets','1','1','0','0','1','1','0','0','0','0','0','0','0','0','0','0','0','0'
'otto','34906d940770943ade94f8f95742c0bd20c995fe','java','library/src/test/java/com/squareup/otto/EventProducerTest.java','True','False','testExceptionWrapping','1','1','0','0','1','1','0','0','0','0','0','0','0','0','0','0','0','0'
'otto','34906d940770943ade94f8f95742c0bd20c995fe','java','library/src/test/java/com/squareup/otto/EventProducerTest.java','True','False','testErrorPassthrough','1','1','0','0','1','1','0','0','0','0','0','0','0','0','0','0','0','0'
'otto','34906d940770943ade94f8f95742c0bd20c995fe','java','library/src/test/java/com/squareup/otto/EventProducerTest.java','True','False','testReturnValueNotCached','1','1','0','0','1','1','0','0','0','0','0','0','0','0','0','0','0','0'
'otto','34906d940770943ade94f8f95742c0bd20c995fe','java','library/src/test/java/com/squareup/otto/ReentrantEventsTest.java','True','False','testNoReentrantEvents','1','1','0','0','0','0','0','0','0','0','0','0','0','0','0','0','0','0'
'otto','34906d940770943ade94f8f95742c0bd20c995fe','java','library/src/test/java/com/squareup/otto/ReentrantEventsTest.java','True','False','testEventOrderingIsPredictable','1','1','0','0','0','0','0','0','0','0','0','0','0','0','0','0','0','0'
'otto','34906d940770943ade94f8f95742c0bd20c995fe','java','library/src/test/java/com/squareup/otto/ThreadEnforcerTest.java','True','False','testEnforerCalledForRegister','1','1','0','0','0','0','0','0','0','0','0','0','0','0','0','0','0','0'
'otto','34906d940770943ade94f8f95742c0bd20c995fe','java','library/src/test/java/com/squareup/otto/ThreadEnforcerTest.java','True','False','testEnforcerCalledForPost','1','1','0','0','0','0','0','0','0','0','0','0','0','0','0','0','0','0'
'otto','34906d940770943ade94f8f95742c0bd20c995fe','java','library/src/test/java/com/squareup/otto/ThreadEnforcerTest.java','True','False','testEnforcerCalledForUnregister','1','1','0','0','0','0','0','0','0','0','0','0','0','0','0','0','0','0'
'otto','34906d940770943ade94f8f95742c0bd20c995fe','java','library/src/test/java/com/squareup/otto/outside/AnnotatedHandlerFinderTest.java','True','False','setUp','1','1','0','0','0','1','0','0','0','0','0','0','0','0','0','0','0','0'
'otto','34906d940770943ade94f8f95742c0bd20c995fe','java','library/src/test/java/com/squareup/otto/outside/AnnotatedHandlerFinderTest.java','True','False','setUp','1','0','0','0','1','0','0','0','0','0','0','0','0','0','0','0','0','0'
'otto','34906d940770943ade94f8f95742c0bd20c995fe','java','library/src/test/java/com/squareup/otto/outside/AnnotatedHandlerFinderTest.java','True','False','tearDown','1','1','0','0','0','1','0','0','0','0','0','0','0','0','0','0','0','0'
'otto','34906d940770943ade94f8f95742c0bd20c995fe','java','library/src/test/java/com/squareup/otto/outside/AnnotatedHandlerFinderTest.java','True','False','tearDown','1','0','0','0','1','0','0','0','0','0','0','0','0','0','0','0','0','0'
'otto','34906d940770943ade94f8f95742c0bd20c995fe','java','library/src/test/java/com/squareup/otto/outside/AnnotatedHandlerFinderTest.java','True','False','testNonSubscriber','1','1','0','0','0','0','0','0','0','0','0','0','0','0','0','0','0','0'
'otto','34906d940770943ade94f8f95742c0bd20c995fe','java','library/src/test/java/com/squareup/otto/outside/AnnotatedHandlerFinderTest.java','True','False','testSubscriber','1','1','0','0','0','0','0','0','0','0','0','0','0','0','0','0','0','0'
'otto','34906d940770943ade94f8f95742c0bd20c995fe','java','library/src/test/java/com/squareup/otto/outside/AnnotatedHandlerFinderTest.java','True','False','testOverriddenAndAnnotatedInSubclass','1','1','0','0','0','0','0','0','0','0','0','0','0','0','0','0','0','0'
'otto','34906d940770943ade94f8f95742c0bd20c995fe','java','library/src/test/java/com/squareup/otto/outside/AnnotatedHandlerFinderTest.java','True','False','testOverriddenInSubclassNowhereAnnotated','1','1','0','0','0','0','0','0','0','0','0','0','0','0','0','0','0','0'
'otto','34906d940770943ade94f8f95742c0bd20c995fe','java','library/src/test/java/com/squareup/otto/outside/AnnotatedHandlerFinderTest.java','True','False','testNeitherOverriddenNorAnnotated','1','1','0','0','0','0','0','0','0','0','0','0','0','0','0','0','0','0'
'otto','34906d940770943ade94f8f95742c0bd20c995fe','java','library/src/test/java/com/squareup/otto/outside/AnnotatedHandlerFinderTest.java','True','False','testOverriddenInSubclassNowhereAnnotated','1','1','0','0','0','0','0','0','0','0','0','0','0','0','0','0','0','0'
'otto','34906d940770943ade94f8f95742c0bd20c995fe','java','library/src/test/java/com/squareup/otto/outside/AnnotatedHandlerFinderTest.java','True','False','testOverriddenAndAnnotatedInSubclass','1','1','0','0','0','0','0','0','0','0','0','0','0','0','0','0','0','0'
'otto','34906d940770943ade94f8f95742c0bd20c995fe','java','library/src/test/java/com/squareup/otto/outside/AnnotatedHandlerFinderTest.java','True','False','testSubscribingToInterfacesFails','1','1','0','0','0','0','0','0','0','0','0','0','0','0','0','0','0','0'
'otto','34906d940770943ade94f8f95742c0bd20c995fe','java','library/src/test/java/com/squareup/otto/outside/AnnotatedProducerFinderTest.java','True','False','testSimpleProducer','1','1','0','0','0','0','0','0','0','0','0','0','0','0','0','0','0','0'
'otto','34906d940770943ade94f8f95742c0bd20c995fe','java','library/src/test/java/com/squareup/otto/outside/AnnotatedProducerFinderTest.java','True','False','testMultipleSubscriptionsCallsProviderEachTime','1','1','0','0','0','0','0','0','0','0','0','0','0','0','0','0','0','0'
'otto','07a78f53f7faabaa89f290067753c021d8806f6c','java','src/main/java/com/squareup/otto/Bus.java','False','False','Bus','1','1','0','0','0','0','0','0','0','0','0','0','0','0','0','0','0','0'
'otto','07a78f53f7faabaa89f290067753c021d8806f6c','java','src/main/java/com/squareup/otto/Bus.java','False','False','Bus','2','0','0','0','0','0','0','0','0','0','0','0','0','0','0','0','0','0'
'otto','07a78f53f7faabaa89f290067753c021d8806f6c','java','src/main/java/com/squareup/otto/Bus.java','False','False','Bus','3','0','0','0','0','0','0','0','0','0','0','0','0','0','0','0','0','0'
'otto','07a78f53f7faabaa89f290067753c021d8806f6c','java','src/main/java/com/squareup/otto/Bus.java','False','False','Bus','3','0','0','0','0','0','0','0','0','0','0','0','0','0','0','0','0','0'
'otto','07a78f53f7faabaa89f290067753c021d8806f6c','java','src/main/java/com/squareup/otto/Bus.java','False','False','toString','3','0','0','0','0','0','0','0','0','0','0','0','0','0','0','0','0','0'
'otto','07a78f53f7faabaa89f290067753c021d8806f6c','java','src/main/java/com/squareup/otto/Bus.java','False','False','register','2','0','0','0','0','0','0','0','0','0','0','0','0','0','0','0','0','0'
'otto','07a78f53f7faabaa89f290067753c021d8806f6c','java','src/main/java/com/squareup/otto/Bus.java','False','False','unregister','2','0','0','0','0','0','0','0','0','0','0','0','0','0','0','0','0','0'
'otto','07a78f53f7faabaa89f290067753c021d8806f6c','java','src/main/java/com/squareup/otto/Bus.java','False','False','post','2','0','0','0','0','0','0','0','0','0','0','0','0','0','0','0','0','0'
'otto','07a78f53f7faabaa89f290067753c021d8806f6c','java','src/test/java/com/squareup/otto/BusTest.java','True','False','setUp','1','1','0','0','0','0','0','0','0','0','0','0','0','0','0','0','0','0'
'otto','07a78f53f7faabaa89f290067753c021d8806f6c','java','src/test/java/com/squareup/otto/EventBusInnerClassStressTest.java','True','False','testEventBusOkayWithNonStaticInnerClass','1','1','0','0','0','0','0','0','0','0','0','0','0','0','0','0','0','0'
'otto','07a78f53f7faabaa89f290067753c021d8806f6c','java','src/test/java/com/squareup/otto/EventBusInnerClassStressTest.java','True','False','testEventBusFailWithAnonInnerClass','1','1','0','0','0','0','0','0','0','0','0','0','0','0','0','0','0','0'
'otto','07a78f53f7faabaa89f290067753c021d8806f6c','java','src/test/java/com/squareup/otto/EventBusInnerClassStressTest.java','True','False','testEventBusNpeWithAnonInnerClassWaitingForObject','1','1','0','0','0','0','0','0','0','0','0','0','0','0','0','0','0','0'
'otto','07a78f53f7faabaa89f290067753c021d8806f6c','java','src/test/java/com/squareup/otto/outside/AnnotatedHandlerFinderTest.java','True','False','setUp','1','1','0','0','0','0','0','0','0','0','0','0','0','0','0','0','0','0'
'otto','07a78f53f7faabaa89f290067753c021d8806f6c','java','src/test/java/com/squareup/otto/outside/AnnotatedHandlerFinderTest.java','True','False','testSubscribingToInterfacesFails','1','1','0','0','0','0','1','1','0','0','0','0','0','0','0','0','0','0'
'otto','07a78f53f7faabaa89f290067753c021d8806f6c','java','src/test/java/com/squareup/otto/outside/AnnotatedProducerFinderTest.java','True','False','testSimpleProducer','1','1','0','0','0','0','0','0','0','0','0','0','0','0','0','0','0','0'
'otto','07a78f53f7faabaa89f290067753c021d8806f6c','java','src/test/java/com/squareup/otto/outside/AnnotatedProducerFinderTest.java','True','False','testMultipleSubscriptionsCallsProviderEachTime','1','1','0','0','0','0','0','0','0','0','0','0','0','0','0','0','0','0'
'otto','ce9a830515f1ceb5a7091cd65e59034b6d83880c','java','src/main/java/com/squareup/eventbus/EventBus.java','False','False','unregister','1','2','0','0','0','0','0','0','0','0','0','0','0','0','0','0','1','2'
'otto','1e4f4da6b5f9dbf896b13395b2afb56af34ad60b','java','src/main/java/com/squareup/eventbus/AnnotatedHandlerFinder.java','False','False','NO_FUNC_CONTEXT','0','0','3','1','3','2'
'otto','1e4f4da6b5f9dbf896b13395b2afb56af34ad60b','java','src/main/java/com/squareup/eventbus/EventBus.java','False','False','newHandlerSet','0','3','0','0','0','0','0','0','0','0','0','0','0','0','0','0','0','0'
'otto','1e4f4da6b5f9dbf896b13395b2afb56af34ad60b','java','src/test/java/com/squareup/eventbus/EventBusTest.java','True','False','testPolymorphicDistribution','0','16','0','0','0','0','0','0','0','0','0','0','0','0','0','0','0','0'
'otto','1e4f4da6b5f9dbf896b13395b2afb56af34ad60b','java','src/test/java/com/squareup/eventbus/EventBusTest.java','True','False','testFlattenHierarchy','1','3','0','0','0','0','0','0','0','0','0','0','0','0','0','0','0','0'
'otto','1e4f4da6b5f9dbf896b13395b2afb56af34ad60b','java','src/test/java/com/squareup/eventbus/outside/AnnotatedHandlerFinderTest.java','True','False','overriddenAndAnnotatedInSubclass','0','3','0','0','0','0','0','0','0','0','0','0','0','0','0','0','0','0'
'otto','1e4f4da6b5f9dbf896b13395b2afb56af34ad60b','java','src/test/java/com/squareup/eventbus/outside/AnnotatedHandlerFinderTest.java','True','False','overriddenInSubclass','0','3','0','0','0','0','0','0','0','0','0','0','0','0','0','0','0','0'
'otto','1e4f4da6b5f9dbf896b13395b2afb56af34ad60b','java','src/test/java/com/squareup/eventbus/outside/AnnotatedHandlerFinderTest.java','True','False','testOverriddenAndAnnotatedInSubclass','0','3','0','0','0','0','0','0','0','0','0','0','0','0','0','0','0','0'
'otto','1e4f4da6b5f9dbf896b13395b2afb56af34ad60b','java','src/test/java/com/squareup/eventbus/outside/AnnotatedHandlerFinderTest.java','True','False','testOverriddenNotAnnotatedInSubclass','0','3','0','0','0','0','0','0','0','0','0','0','0','0','0','0','0','0'
'otto','1e4f4da6b5f9dbf896b13395b2afb56af34ad60b','java','src/test/java/com/squareup/eventbus/outside/AnnotatedHandlerFinderTest.java','True','False','createHandler','0','3','0','0','0','0','0','0','0','0','0','0','0','0','0','0','0','0'
'otto','1e4f4da6b5f9dbf896b13395b2afb56af34ad60b','java','src/test/java/com/squareup/eventbus/outside/AnnotatedHandlerFinderTest.java','True','False','notOverriddenInSubclass','0','3','0','0','0','0','0','0','0','0','0','0','0','0','0','0','0','0'
'otto','1e4f4da6b5f9dbf896b13395b2afb56af34ad60b','java','src/test/java/com/squareup/eventbus/outside/AnnotatedHandlerFinderTest.java','True','False','overriddenNotAnnotatedInSubclass','0','3','0','0','0','0','0','0','0','0','0','0','0','0','0','0','0','0'
'otto','1e4f4da6b5f9dbf896b13395b2afb56af34ad60b','java','src/test/java/com/squareup/eventbus/outside/AnnotatedHandlerFinderTest.java','True','False','overriddenAndAnnotatedInSubclass','0','3','0','0','0','0','0','0','0','0','0','0','0','0','0','0','0','0'
'otto','1e4f4da6b5f9dbf896b13395b2afb56af34ad60b','java','src/test/java/com/squareup/eventbus/outside/AnnotatedHandlerFinderTest.java','True','False','differentlyOverriddenNotAnnotatedInSubclass','0','4','0','0','0','0','0','0','0','0','0','0','0','0','0','0','0','0'
'otto','1e4f4da6b5f9dbf896b13395b2afb56af34ad60b','java','src/test/java/com/squareup/eventbus/outside/AnnotatedHandlerFinderTest.java','True','False','differentlyOverriddenAnnotatedInSubclass','0','4','0','0','0','0','0','0','0','0','0','0','0','0','0','0','0','0'
'otto','1e4f4da6b5f9dbf896b13395b2afb56af34ad60b','java','src/test/java/com/squareup/eventbus/outside/AnnotatedHandlerFinderTest.java','True','False','overriddenNotAnnotatedInSubclass','0','3','0','0','0','0','0','0','0','0','0','0','0','0','0','0','0','0'
'otto','1e4f4da6b5f9dbf896b13395b2afb56af34ad60b','java','src/test/java/com/squareup/eventbus/outside/AnnotatedHandlerFinderTest.java','True','False','overriddenAndAnnotatedInSubclass','0','3','0','0','0','0','0','0','0','0','0','0','0','0','0','0','0','0'
'otto','1e4f4da6b5f9dbf896b13395b2afb56af34ad60b','java','src/test/java/com/squareup/eventbus/outside/AnnotatedHandlerFinderTest.java','True','False','differentlyOverriddenNotAnnotatedInSubclass','0','3','0','0','0','0','0','0','0','0','0','0','0','0','0','0','0','0'
'otto','1e4f4da6b5f9dbf896b13395b2afb56af34ad60b','java','src/test/java/com/squareup/eventbus/outside/AnnotatedHandlerFinderTest.java','True','False','differentlyOverriddenAnnotatedInSubclass','0','3','0','0','0','0','0','0','0','0','0','0','0','0','0','0','0','0'
'otto','1e4f4da6b5f9dbf896b13395b2afb56af34ad60b','java','src/test/java/com/squareup/eventbus/outside/AnnotatedHandlerFinderTest.java','True','False','testNotOverriddenInSubclass','0','3','0','0','0','0','0','0','0','0','0','0','0','0','0','0','0','0'
'otto','1e4f4da6b5f9dbf896b13395b2afb56af34ad60b','java','src/test/java/com/squareup/eventbus/outside/AnnotatedHandlerFinderTest.java','True','False','testOverriddenNotAnnotatedInSubclass','0','3','0','0','0','0','0','0','0','0','0','0','0','0','0','0','0','0'
'otto','1e4f4da6b5f9dbf896b13395b2afb56af34ad60b','java','src/test/java/com/squareup/eventbus/outside/AnnotatedHandlerFinderTest.java','True','False','testDifferentlyOverriddenNotAnnotatedInSubclass','0','6','0','0','0','0','0','0','0','0','0','0','0','0','0','0','0','0'
'otto','1e4f4da6b5f9dbf896b13395b2afb56af34ad60b','java','src/test/java/com/squareup/eventbus/outside/AnnotatedHandlerFinderTest.java','True','False','testOverriddenAndAnnotatedInSubclass','0','3','0','0','0','0','0','0','0','0','0','0','0','0','0','0','0','0'
'otto','1e4f4da6b5f9dbf896b13395b2afb56af34ad60b','java','src/test/java/com/squareup/eventbus/outside/AnnotatedHandlerFinderTest.java','True','False','testDifferentlyOverriddenAndAnnotatedInSubclass','0','5','0','0','0','0','0','0','0','0','0','0','0','0','0','0','0','0'
'otto','1e4f4da6b5f9dbf896b13395b2afb56af34ad60b','java','src/test/java/com/squareup/eventbus/outside/AnnotatedHandlerFinderTest.java','True','False','createHandler','0','3','0','0','0','0','0','0','0','0','0','0','0','0','0','0','0','0'
'otto','1e4f4da6b5f9dbf896b13395b2afb56af34ad60b','java','src/test/java/com/squareup/eventbus/outside/AnnotatedHandlerFinderTest.java','True','False','whatever','2','0','0','0','0','0','0','0','0','0','0','0','0','0','0','0','0','0'
'otto','1e4f4da6b5f9dbf896b13395b2afb56af34ad60b','java','src/test/java/com/squareup/eventbus/outside/AnnotatedHandlerFinderTest.java','True','False','annotatedIn1','1','2','0','0','0','0','0','0','0','0','0','0','0','0','0','0','0','0'
'otto','1e4f4da6b5f9dbf896b13395b2afb56af34ad60b','java','src/test/java/com/squareup/eventbus/outside/AnnotatedHandlerFinderTest.java','True','False','declaredIn1AnnotatedInClass','0','2','0','0','0','0','0','0','0','0','0','0','0','0','0','0','0','0'
'otto','1e4f4da6b5f9dbf896b13395b2afb56af34ad60b','java','src/test/java/com/squareup/eventbus/outside/AnnotatedHandlerFinderTest.java','True','False','declaredIn1AnnotatedIn2','0','2','0','0','0','0','0','0','0','0','0','0','0','0','0','0','0','0'
'otto','1e4f4da6b5f9dbf896b13395b2afb56af34ad60b','java','src/test/java/com/squareup/eventbus/outside/AnnotatedHandlerFinderTest.java','True','False','annotatedIn1','0','24','0','0','0','0','0','0','0','0','0','0','0','0','0','0','0','0'
'otto','1e4f4da6b5f9dbf896b13395b2afb56af34ad60b','java','src/test/java/com/squareup/eventbus/outside/AnnotatedHandlerFinderTest.java','True','False','testAnnotatedIn1','0','3','0','0','0','0','0','0','0','0','0','0','0','0','0','0','0','0'
'otto','1e4f4da6b5f9dbf896b13395b2afb56af34ad60b','java','src/test/java/com/squareup/eventbus/outside/AnnotatedHandlerFinderTest.java','True','False','testAnnotatedIn2','0','3','0','0','0','0','0','0','0','0','0','0','0','0','0','0','0','0'
'otto','1e4f4da6b5f9dbf896b13395b2afb56af34ad60b','java','src/test/java/com/squareup/eventbus/outside/AnnotatedHandlerFinderTest.java','True','False','testAnnotatedIn1And2','0','3','0','0','0','0','0','0','0','0','0','0','0','0','0','0','0','0'
'otto','1e4f4da6b5f9dbf896b13395b2afb56af34ad60b','java','src/test/java/com/squareup/eventbus/outside/AnnotatedHandlerFinderTest.java','True','False','testAnnotatedIn1And2AndClass','0','3','0','0','0','0','0','0','0','0','0','0','0','0','0','0','0','0'
'otto','1e4f4da6b5f9dbf896b13395b2afb56af34ad60b','java','src/test/java/com/squareup/eventbus/outside/AnnotatedHandlerFinderTest.java','True','False','testDeclaredIn1AnnotatedIn2','0','3','0','0','0','0','0','0','0','0','0','0','0','0','0','0','0','0'
'otto','1e4f4da6b5f9dbf896b13395b2afb56af34ad60b','java','src/test/java/com/squareup/eventbus/outside/AnnotatedHandlerFinderTest.java','True','False','testDeclaredIn1AnnotatedInClass','0','3','0','0','0','0','0','0','0','0','0','0','0','0','0','0','0','0'
'otto','1e4f4da6b5f9dbf896b13395b2afb56af34ad60b','java','src/test/java/com/squareup/eventbus/outside/AnnotatedHandlerFinderTest.java','True','False','testDeclaredIn2AnnotatedInClass','0','3','0','0','0','0','0','0','0','0','0','0','0','0','0','0','0','0'
'otto','1e4f4da6b5f9dbf896b13395b2afb56af34ad60b','java','src/test/java/com/squareup/eventbus/outside/AnnotatedHandlerFinderTest.java','True','False','testNowhereAnnotated','0','3','0','0','0','0','0','0','0','0','0','0','0','0','0','0','0','0'
'otto','1e4f4da6b5f9dbf896b13395b2afb56af34ad60b','java','src/test/java/com/squareup/eventbus/outside/AnnotatedHandlerFinderTest.java','True','False','createHandler','0','3','0','0','0','0','0','0','0','0','0','0','0','0','0','0','0','0'
'otto','1e4f4da6b5f9dbf896b13395b2afb56af34ad60b','java','src/test/java/com/squareup/eventbus/outside/AnnotatedHandlerFinderTest.java','True','False','NO_FUNC_CONTEXT','0','0','0','0','1','0'
'otto','d6ece2689c079599b32d70b8b0bfd986f3af0102','java','src/main/java/com/squareup/eventbus/AnnotatedHandlerFinder.java','False','False','findAllHandlers','0','16','0','0','0','0','0','0','0','0','0','0','0','0','0','0','0','11'
'otto','d6ece2689c079599b32d70b8b0bfd986f3af0102','java','src/main/java/com/squareup/eventbus/AnnotatedHandlerFinder.java','False','False','findAllProducers','17','0','0','0','0','0','0','0','0','0','0','0','0','0','0','0','4','0'
'otto','d6ece2689c079599b32d70b8b0bfd986f3af0102','java','src/main/java/com/squareup/eventbus/AnnotatedHandlerFinder.java','False','False','findAllSubscribers','15','1','0','0','0','0','0','0','0','0','0','0','0','0','0','0','10','0'
'otto','d6ece2689c079599b32d70b8b0bfd986f3af0102','java','src/main/java/com/squareup/eventbus/AnnotatedHandlerFinder.java','False','False','findAllSubscribers','4','0','0','0','0','0','0','0','0','0','0','0','0','0','0','0','0','0'
'otto','d6ece2689c079599b32d70b8b0bfd986f3af0102','java','src/main/java/com/squareup/eventbus/AnnotatedHandlerFinder.java','False','False','NO_FUNC_CONTEXT','0','0','4','1','4','1'
'otto','d6ece2689c079599b32d70b8b0bfd986f3af0102','java','src/main/java/com/squareup/eventbus/EventBus.java','False','False','register','28','3','1','0','1','0','0','0','0','0','0','0','0','0','0','0','36','2'
'otto','d6ece2689c079599b32d70b8b0bfd986f3af0102','java','src/main/java/com/squareup/eventbus/EventBus.java','False','False','dispatchProducerResultToHandler','5','0','0','0','1','0','3','0','2','0','0','0','0','0','0','0','0','0'
'otto','d6ece2689c079599b32d70b8b0bfd986f3af0102','java','src/main/java/com/squareup/eventbus/EventBus.java','False','False','unregister','15','3','1','0','1','0','0','0','0','0','0','0','0','0','0','0','14','2'
'otto','d6ece2689c079599b32d70b8b0bfd986f3af0102','java','src/main/java/com/squareup/eventbus/EventHandler.java','False','False','handleEvent','1','3','1','2','0','1','0','1','1','3','0','0','0','0','0','0','0','0'
'otto','d6ece2689c079599b32d70b8b0bfd986f3af0102','java','src/main/java/com/squareup/eventbus/EventHandler.java','False','False','toString','1','1','0','0','0','0','0','0','0','0','0','0','0','0','0','0','0','0'
'otto','d6ece2689c079599b32d70b8b0bfd986f3af0102','java','src/test/java/com/squareup/eventbus/EventBusTest.java','True','False','testProducerCalledForExistingSubscribers','9','0','0','0','0','0','0','0','0','0','0','0','0','0','0','0','0','0'
'otto','d6ece2689c079599b32d70b8b0bfd986f3af0102','java','src/test/java/com/squareup/eventbus/EventHandlerTest.java','True','False','testBasicMethodCall','2','2','0','0','0','0','0','0','0','0','0','0','0','0','0','0','0','0'
'otto','d6ece2689c079599b32d70b8b0bfd986f3af0102','java','src/test/java/com/squareup/eventbus/EventHandlerTest.java','True','False','testRejectionOfNullMethods','1','1','0','0','1','1','1','1','1','1','0','0','0','0','0','0','0','0'
'otto','d6ece2689c079599b32d70b8b0bfd986f3af0102','java','src/test/java/com/squareup/eventbus/EventHandlerTest.java','True','False','testRejectionOfNullTargets','1','1','0','0','0','0','0','0','0','0','0','0','0','0','0','0','0','0'
'otto','d6ece2689c079599b32d70b8b0bfd986f3af0102','java','src/test/java/com/squareup/eventbus/EventHandlerTest.java','True','False','testRejectionOfNullTargets','2','1','0','0','2','1','1','1','1','1','0','0','0','0','0','0','0','0'
'otto','d6ece2689c079599b32d70b8b0bfd986f3af0102','java','src/test/java/com/squareup/eventbus/EventHandlerTest.java','True','False','testExceptionWrapping','1','1','0','0','1','1','0','0','0','0','0','0','0','0','0','0','0','0'
'otto','d6ece2689c079599b32d70b8b0bfd986f3af0102','java','src/test/java/com/squareup/eventbus/EventHandlerTest.java','True','False','testErrorPassthrough','1','1','0','0','1','1','0','0','0','0','0','0','0','0','0','0','0','0'
'otto','d6ece2689c079599b32d70b8b0bfd986f3af0102','java','src/test/java/com/squareup/eventbus/EventHandlerTest.java','True','False','getRecordingMethod','1','12','0','2','1','3','0','3','0','8','0','0','0','0','0','0','0','0'
'otto','d6ece2689c079599b32d70b8b0bfd986f3af0102','java','src/test/java/com/squareup/eventbus/EventHandlerTest.java','True','False','getExceptionThrowingMethod','1','12','0','2','1','4','0','3','0','8','0','0','0','0','0','0','0','0'
'otto','d6ece2689c079599b32d70b8b0bfd986f3af0102','java','src/test/java/com/squareup/eventbus/EventHandlerTest.java','True','False','getErrorThrowingMethod','1','12','0','2','1','3','0','3','0','8','0','0','0','0','0','0','0','0'
'otto','d6ece2689c079599b32d70b8b0bfd986f3af0102','java','src/test/java/com/squareup/eventbus/EventHandlerTest.java','True','False','recordingMethod','1','1','0','0','0','0','0','0','0','0','0','0','0','0','0','0','0','0'
'otto','d6ece2689c079599b32d70b8b0bfd986f3af0102','java','src/test/java/com/squareup/eventbus/EventHandlerTest.java','True','False','NO_FUNC_CONTEXT','0','0','0','0','1','1'
'otto','d6ece2689c079599b32d70b8b0bfd986f3af0102','java','src/test/java/com/squareup/eventbus/EventHandlerTest.java','True','False','testBasicMethodCall','2','2','0','0','0','0','0','0','0','0','0','0','0','0','0','0','0','0'
'otto','d6ece2689c079599b32d70b8b0bfd986f3af0102','java','src/test/java/com/squareup/eventbus/EventHandlerTest.java','True','False','testRejectionOfNullMethods','1','1','0','0','1','1','1','1','1','1','0','0','0','0','0','0','0','0'
'otto','d6ece2689c079599b32d70b8b0bfd986f3af0102','java','src/test/java/com/squareup/eventbus/EventHandlerTest.java','True','False','testRejectionOfNullTargets','1','1','0','0','0','0','0','0','0','0','0','0','0','0','0','0','0','0'
'otto','d6ece2689c079599b32d70b8b0bfd986f3af0102','java','src/test/java/com/squareup/eventbus/EventHandlerTest.java','True','False','testRejectionOfNullTargets','2','1','0','0','2','1','1','1','1','1','0','0','0','0','0','0','0','0'
'otto','d6ece2689c079599b32d70b8b0bfd986f3af0102','java','src/test/java/com/squareup/eventbus/EventHandlerTest.java','True','False','testExceptionWrapping','1','1','0','0','1','1','0','0','0','0','0','0','0','0','0','0','0','0'
'otto','d6ece2689c079599b32d70b8b0bfd986f3af0102','java','src/test/java/com/squareup/eventbus/EventHandlerTest.java','True','False','testErrorPassthrough','1','1','0','0','1','1','0','0','0','0','0','0','0','0','0','0','0','0'
'otto','d6ece2689c079599b32d70b8b0bfd986f3af0102','java','src/test/java/com/squareup/eventbus/EventHandlerTest.java','True','False','getRecordingMethod','1','12','0','2','1','3','0','3','0','8','0','0','0','0','0','0','0','0'
'otto','d6ece2689c079599b32d70b8b0bfd986f3af0102','java','src/test/java/com/squareup/eventbus/EventHandlerTest.java','True','False','getExceptionThrowingMethod','1','12','0','2','1','4','0','3','0','8','0','0','0','0','0','0','0','0'
'otto','d6ece2689c079599b32d70b8b0bfd986f3af0102','java','src/test/java/com/squareup/eventbus/EventHandlerTest.java','True','False','getErrorThrowingMethod','1','12','0','2','1','3','0','3','0','8','0','0','0','0','0','0','0','0'
'otto','d6ece2689c079599b32d70b8b0bfd986f3af0102','java','src/test/java/com/squareup/eventbus/EventHandlerTest.java','True','False','recordingMethod','1','1','0','0','0','0','0','0','0','0','0','0','0','0','0','0','0','0'
'otto','d6ece2689c079599b32d70b8b0bfd986f3af0102','java','src/test/java/com/squareup/eventbus/EventHandlerTest.java','True','False','NO_FUNC_CONTEXT','0','0','0','0','1','1'
